"start";"end";"label"
0.11530690532835369;1.5891021467553448;"B"
1.797753154496769;3.5185578697284283;"A"
3.926118313510224;5.628258360290489;"B"
5.991206919913863;7.050735520101074;"C"
7.240572564037063;9.049705540557607;"B"
9.13780294012689;10.25521767744327;"B"
10.588579836625492;12.21010010148338;"C"
12.422242987710082;13.475383886396381;"C"
13.510781409321622;15.185650385237484;"B"
15.617918228370833;16.74159508844733;"C"
