"Start";"End";"Label"
0;0.1751573;"N"
0.1751573;1.852358;"C"
1.852358;3.454535;"G"
3.454535;4.720022;"A:min"
4.720022;5.126371;"A:min"
5.126371;5.95068;"F"
5.95068;6.774988;"F"
6.774988;8.423605;"C"
8.423605;10.014172;"G"
10.014172;11.651179;"F"
11.651179;13.392675;"C"
