"start";"end";"label"
0.00000;14.95000;"intro"
14.95000;29.64000;"verse"
29.64000;47.20000;"chorus"
47.20000;64.85000;"chorus"
64.85000;82.25000;"verse"
82.25000;103.12000;"verse"
103.12000;117.84000;"verse"
117.84000;143.24000;"chorus"
